"","camera","image_id","experiment","subplot_id","type","Label"
"1","LGP_001","GOPR2003","LR",NA,"setup","LR_LGP_001_setup__GOPR2003"
"2","LGP_001","GOPR2004","LR",NA,"setup","LR_LGP_001_setup__GOPR2004"
"3","LGP_001","GOPR2005","LR",NA,"setup","LR_LGP_001_setup__GOPR2005"
"4","LGP_001","GOPR2006","LR",NA,"setup","LR_LGP_001_setup__GOPR2006"
"5","LGP_001","GOPR2007","LR",NA,"setup","LR_LGP_001_setup__GOPR2007"
"6","LGP_001","GOPR2008","LR",NA,"setup","LR_LGP_001_setup__GOPR2008"
"7","LGP_001","GOPR2009","LR",NA,"setup","LR_LGP_001_setup__GOPR2009"
"8","LGP_001","GOPR2010","LR",NA,"setup","LR_LGP_001_setup__GOPR2010"
"9","LGP_001","GOPR2011","LR",60510,"tag","LR_LGP_001_tag_60510_GOPR2011"
"10","LGP_001","GOPR2012","LR",60510,"midday","LR_LGP_001_midday_60510_GOPR2012"
"11","LGP_001","GOPR2013","LR",60523,"tag","LR_LGP_001_tag_60523_GOPR2013"
"12","LGP_001","GOPR2014","LR",60523,"midday","LR_LGP_001_midday_60523_GOPR2014"
"13","LGP_001","GOPR2015","LR",60535,"tag","LR_LGP_001_tag_60535_GOPR2015"
"14","LGP_001","GOPR2016","LR",60535,"midday","LR_LGP_001_midday_60535_GOPR2016"
"15","LGP_001","GOPR2017","LR",60542,"tag","LR_LGP_001_tag_60542_GOPR2017"
"16","LGP_001","GOPR2018","LR",60542,"midday","LR_LGP_001_midday_60542_GOPR2018"
"17","LGP_001","GOPR2019","LR",60556,"tag","LR_LGP_001_tag_60556_GOPR2019"
"18","LGP_001","GOPR2020","LR",60556,"midday","LR_LGP_001_midday_60556_GOPR2020"
"19","LGP_001","GOPR2021","LR",NA,"setup","LR_LGP_001_setup__GOPR2021"
"20","LGP_001","GOPR2022","LR",60110,"tag","LR_LGP_001_tag_60110_GOPR2022"
"21","LGP_001","GOPR2023","LR",60110,"midday","LR_LGP_001_midday_60110_GOPR2023"
"22","LGP_001","GOPR2024","LR",NA,"setup","LR_LGP_001_setup__GOPR2024"
"23","LGP_001","GOPR2025","LR",60123,"tag","LR_LGP_001_tag_60123_GOPR2025"
"24","LGP_001","GOPR2026","LR",60123,"midday","LR_LGP_001_midday_60123_GOPR2026"
"25","LGP_001","GOPR2027","LR",60135,"tag","LR_LGP_001_tag_60135_GOPR2027"
"26","LGP_001","GOPR2028","LR",60135,"midday","LR_LGP_001_midday_60135_GOPR2028"
"27","LGP_001","GOPR2029","LR",60142,"tag","LR_LGP_001_tag_60142_GOPR2029"
"28","LGP_001","GOPR2030","LR",60142,"midday","LR_LGP_001_midday_60142_GOPR2030"
"29","LGP_001","GOPR2031","LR",60156,"tag","LR_LGP_001_tag_60156_GOPR2031"
"30","LGP_001","GOPR2032","LR",60156,"midday","LR_LGP_001_midday_60156_GOPR2032"
"31","LGP_001","GOPR2033","LR",NA,"setup","LR_LGP_001_setup__GOPR2033"
"32","LGP_001","GOPR2034","LR",60615,"tag","LR_LGP_001_tag_60615_GOPR2034"
"33","LGP_001","GOPR2035","LR",60615,"midday","LR_LGP_001_midday_60615_GOPR2035"
"34","LGP_001","GOPR2036","LR",NA,"setup","LR_LGP_001_setup__GOPR2036"
"35","LGP_001","GOPR2037","LR",60641,"tag","LR_LGP_001_tag_60641_GOPR2037"
"36","LGP_001","GOPR2038","LR",60641,"midday","LR_LGP_001_midday_60641_GOPR2038"
"37","LGP_001","GOPR2039","LR",60642,"tag","LR_LGP_001_tag_60642_GOPR2039"
"38","LGP_001","GOPR2040","LR",60642,"midday","LR_LGP_001_midday_60642_GOPR2040"
"39","LGP_001","GOPR2041","LR",60651,"tag","LR_LGP_001_tag_60651_GOPR2041"
"40","LGP_001","GOPR2042","LR",60651,"midday","LR_LGP_001_midday_60651_GOPR2042"
"41","LGP_001","GOPR2043","LR",60654,"tag","LR_LGP_001_tag_60654_GOPR2043"
"42","LGP_001","GOPR2044","LR",60654,"midday","LR_LGP_001_midday_60654_GOPR2044"
"43","LGP_001","GOPR2045","LR",NA,"setup","LR_LGP_001_setup__GOPR2045"
"44","LGP_001","GOPR2046","LR",NA,"setup","LR_LGP_001_setup__GOPR2046"
"45","LGP_001","GOPR2047","LR",NA,"setup","LR_LGP_001_setup__GOPR2047"
"46","LGP_001","GOPR2048","LR",60215,"tag","LR_LGP_001_tag_60215_GOPR2048"
"47","LGP_001","GOPR2049","LR",60215,"midday","LR_LGP_001_midday_60215_GOPR2049"
"48","LGP_001","GOPR2050","LR",60241,"tag","LR_LGP_001_tag_60241_GOPR2050"
"49","LGP_001","GOPR2051","LR",60241,"midday","LR_LGP_001_midday_60241_GOPR2051"
"50","LGP_001","GOPR2052","LR",60242,"tag","LR_LGP_001_tag_60242_GOPR2052"
"51","LGP_001","GOPR2053","LR",60242,"midday","LR_LGP_001_midday_60242_GOPR2053"
"52","LGP_001","GOPR2054","LR",60251,"tag","LR_LGP_001_tag_60251_GOPR2054"
"53","LGP_001","GOPR2055","LR",60251,"midday","LR_LGP_001_midday_60251_GOPR2055"
"54","LGP_001","GOPR2056","LR",60254,"tag","LR_LGP_001_tag_60254_GOPR2056"
"55","LGP_001","GOPR2057","LR",60254,"midday","LR_LGP_001_midday_60254_GOPR2057"
"56","LGP_001","GOPR2058","LR",NA,"setup","LR_LGP_001_setup__GOPR2058"
"57","LGP_001","GOPR2059","LR",NA,"setup","LR_LGP_001_setup__GOPR2059"
"58","LGP_001","GOPR2060","LR",NA,"setup","LR_LGP_001_setup__GOPR2060"
"59","LGP_001","GOPR2061","LR",NA,"setup","LR_LGP_001_setup__GOPR2061"
"60","LGP_001","GOPR2062","LR",60801,"tag","LR_LGP_001_tag_60801_GOPR2062"
"61","LGP_001","GOPR2063","LR",NA,"setup","LR_LGP_001_setup__GOPR2063"
"62","LGP_001","GOPR2064","LR",60801,"midday","LR_LGP_001_midday_60801_GOPR2064"
"63","LGP_001","GOPR2065","LR",60810,"tag","LR_LGP_001_tag_60810_GOPR2065"
"64","LGP_001","GOPR2066","LR",60810,"midday","LR_LGP_001_midday_60810_GOPR2066"
"65","LGP_001","GOPR2067","LR",60825,"tag","LR_LGP_001_tag_60825_GOPR2067"
"66","LGP_001","GOPR2068","LR",60825,"midday","LR_LGP_001_midday_60825_GOPR2068"
"67","LGP_001","GOPR2069","LR",60847,"tag","LR_LGP_001_tag_60847_GOPR2069"
"68","LGP_001","GOPR2070","LR",60847,"midday","LR_LGP_001_midday_60847_GOPR2070"
"69","LGP_001","GOPR2071","LR",NA,"setup","LR_LGP_001_setup__GOPR2071"
"70","LGP_001","GOPR2072","LR",60851,"tag","LR_LGP_001_tag_60851_GOPR2072"
"71","LGP_001","GOPR2073","LR",60851,"midday","LR_LGP_001_midday_60851_GOPR2073"
"72","LGP_001","GOPR2074","LR",NA,"setup","LR_LGP_001_setup__GOPR2074"
"73","LGP_001","GOPR2075","LR",60401,"tag","LR_LGP_001_tag_60401_GOPR2075"
"74","LGP_001","GOPR2076","LR",60401,"midday","LR_LGP_001_midday_60401_GOPR2076"
"75","LGP_001","GOPR2077","LR",60410,"tag","LR_LGP_001_tag_60410_GOPR2077"
"76","LGP_001","GOPR2078","LR",60410,"midday","LR_LGP_001_midday_60410_GOPR2078"
"77","LGP_001","GOPR2079","LR",60425,"tag","LR_LGP_001_tag_60425_GOPR2079"
"78","LGP_001","GOPR2080","LR",60425,"midday","LR_LGP_001_midday_60425_GOPR2080"
"79","LGP_001","GOPR2081","LR",60447,"tag","LR_LGP_001_tag_60447_GOPR2081"
"80","LGP_001","GOPR2082","LR",60447,"midday","LR_LGP_001_midday_60447_GOPR2082"
"81","LGP_001","GOPR2083","LR",NA,"setup","LR_LGP_001_setup__GOPR2083"
"82","LGP_001","GOPR2084","LR",60451,"tag","LR_LGP_001_tag_60451_GOPR2084"
"83","LGP_001","GOPR2085","LR",60451,"midday","LR_LGP_001_midday_60451_GOPR2085"
"84","LGP_001","GOPR2086","LR",NA,"setup","LR_LGP_001_setup__GOPR2086"
"85","LGP_002","GOPR0848","LR",NA,"setup","LR_LGP_002_setup__GOPR0848"
"86","LGP_002","GOPR0849","LR",NA,"setup","LR_LGP_002_setup__GOPR0849"
"87","LGP_002","GOPR0850","LR",NA,"setup","LR_LGP_002_setup__GOPR0850"
"88","LGP_002","GOPR0851","LR",NA,"setup","LR_LGP_002_setup__GOPR0851"
"89","LGP_002","GOPR0852","LR",NA,"setup","LR_LGP_002_setup__GOPR0852"
"90","LGP_002","GOPR0853","LR",60510,"tag","LR_LGP_002_tag_60510_GOPR0853"
"91","LGP_002","GOPR0854","LR",60510,"midday","LR_LGP_002_midday_60510_GOPR0854"
"92","LGP_002","GOPR0855","LR",60523,"tag","LR_LGP_002_tag_60523_GOPR0855"
"93","LGP_002","GOPR0856","LR",60523,"midday","LR_LGP_002_midday_60523_GOPR0856"
"94","LGP_002","GOPR0857","LR",60535,"tag","LR_LGP_002_tag_60535_GOPR0857"
"95","LGP_002","GOPR0858","LR",60535,"midday","LR_LGP_002_midday_60535_GOPR0858"
"96","LGP_002","GOPR0859","LR",60542,"tag","LR_LGP_002_tag_60542_GOPR0859"
"97","LGP_002","GOPR0860","LR",60542,"midday","LR_LGP_002_midday_60542_GOPR0860"
"98","LGP_002","GOPR0861","LR",60556,"tag","LR_LGP_002_tag_60556_GOPR0861"
"99","LGP_002","GOPR0862","LR",60556,"midday","LR_LGP_002_midday_60556_GOPR0862"
"100","LGP_002","GOPR0863","LR",NA,"setup","LR_LGP_002_setup__GOPR0863"
"101","LGP_002","GOPR0864","LR",60110,"tag","LR_LGP_002_tag_60110_GOPR0864"
"102","LGP_002","GOPR0865","LR",60110,"midday","LR_LGP_002_midday_60110_GOPR0865"
"103","LGP_002","GOPR0866","LR",60123,"tag","LR_LGP_002_tag_60123_GOPR0866"
"104","LGP_002","GOPR0867","LR",60123,"midday","LR_LGP_002_midday_60123_GOPR0867"
"105","LGP_002","GOPR0868","LR",60135,"tag","LR_LGP_002_tag_60135_GOPR0868"
"106","LGP_002","GOPR0869","LR",60135,"midday","LR_LGP_002_midday_60135_GOPR0869"
"107","LGP_002","GOPR0870","LR",60142,"tag","LR_LGP_002_tag_60142_GOPR0870"
"108","LGP_002","GOPR0871","LR",60142,"midday","LR_LGP_002_midday_60142_GOPR0871"
"109","LGP_002","GOPR0872","LR",60156,"tag","LR_LGP_002_tag_60156_GOPR0872"
"110","LGP_002","GOPR0873","LR",60156,"midday","LR_LGP_002_midday_60156_GOPR0873"
"111","LGP_002","GOPR0874","LR",NA,"setup","LR_LGP_002_setup__GOPR0874"
"112","LGP_002","GOPR0875","LR",60615,"tag","LR_LGP_002_tag_60615_GOPR0875"
"113","LGP_002","GOPR0876","LR",60615,"midday","LR_LGP_002_midday_60615_GOPR0876"
"114","LGP_002","GOPR0877","LR",NA,"setup","LR_LGP_002_setup__GOPR0877"
"115","LGP_002","GOPR0878","LR",60641,"tag","LR_LGP_002_tag_60641_GOPR0878"
"116","LGP_002","GOPR0879","LR",60641,"midday","LR_LGP_002_midday_60641_GOPR0879"
"117","LGP_002","GOPR0880","LR",60642,"tag","LR_LGP_002_tag_60642_GOPR0880"
"118","LGP_002","GOPR0881","LR",60642,"midday","LR_LGP_002_midday_60642_GOPR0881"
"119","LGP_002","GOPR0882","LR",60651,"tag","LR_LGP_002_tag_60651_GOPR0882"
"120","LGP_002","GOPR0883","LR",60651,"midday","LR_LGP_002_midday_60651_GOPR0883"
"121","LGP_002","GOPR0884","LR",60654,"tag","LR_LGP_002_tag_60654_GOPR0884"
"122","LGP_002","GOPR0885","LR",60654,"midday","LR_LGP_002_midday_60654_GOPR0885"
"123","LGP_002","GOPR0886","LR",NA,"setup","LR_LGP_002_setup__GOPR0886"
"124","LGP_002","GOPR0887","LR",NA,"setup","LR_LGP_002_setup__GOPR0887"
"125","LGP_002","GOPR0888","LR",NA,"setup","LR_LGP_002_setup__GOPR0888"
"126","LGP_002","GOPR0889","LR",60215,"tag","LR_LGP_002_tag_60215_GOPR0889"
"127","LGP_002","GOPR0890","LR",60215,"midday","LR_LGP_002_midday_60215_GOPR0890"
"128","LGP_002","GOPR0891","LR",60241,"tag","LR_LGP_002_tag_60241_GOPR0891"
"129","LGP_002","GOPR0892","LR",60241,"midday","LR_LGP_002_midday_60241_GOPR0892"
"130","LGP_002","GOPR0893","LR",60242,"tag","LR_LGP_002_tag_60242_GOPR0893"
"131","LGP_002","GOPR0894","LR",60242,"midday","LR_LGP_002_midday_60242_GOPR0894"
"132","LGP_002","GOPR0895","LR",60251,"tag","LR_LGP_002_tag_60251_GOPR0895"
"133","LGP_002","GOPR0896","LR",60251,"midday","LR_LGP_002_midday_60251_GOPR0896"
"134","LGP_002","GOPR0897","LR",60254,"tag","LR_LGP_002_tag_60254_GOPR0897"
"135","LGP_002","GOPR0898","LR",60254,"midday","LR_LGP_002_midday_60254_GOPR0898"
"136","LGP_002","GOPR0899","LR",NA,"setup","LR_LGP_002_setup__GOPR0899"
"137","LGP_002","GOPR0900","LR",NA,"setup","LR_LGP_002_setup__GOPR0900"
"138","LGP_002","GOPR0901","LR",NA,"setup","LR_LGP_002_setup__GOPR0901"
"139","LGP_002","GOPR0902","LR",NA,"setup","LR_LGP_002_setup__GOPR0902"
"140","LGP_002","GOPR0903","LR",60801,"tag","LR_LGP_002_tag_60801_GOPR0903"
"141","LGP_002","GOPR0904","LR",NA,"setup","LR_LGP_002_setup__GOPR0904"
"142","LGP_002","GOPR0905","LR",60801,"midday","LR_LGP_002_midday_60801_GOPR0905"
"143","LGP_002","GOPR0906","LR",60810,"tag","LR_LGP_002_tag_60810_GOPR0906"
"144","LGP_002","GOPR0907","LR",60810,"midday","LR_LGP_002_midday_60810_GOPR0907"
"145","LGP_002","GOPR0908","LR",60825,"tag","LR_LGP_002_tag_60825_GOPR0908"
"146","LGP_002","GOPR0909","LR",60825,"midday","LR_LGP_002_midday_60825_GOPR0909"
"147","LGP_002","GOPR0910","LR",60847,"tag","LR_LGP_002_tag_60847_GOPR0910"
"148","LGP_002","GOPR0911","LR",60847,"midday","LR_LGP_002_midday_60847_GOPR0911"
"149","LGP_002","GOPR0912","LR",NA,"setup","LR_LGP_002_setup__GOPR0912"
"150","LGP_002","GOPR0913","LR",60851,"tag","LR_LGP_002_tag_60851_GOPR0913"
"151","LGP_002","GOPR0914","LR",60851,"midday","LR_LGP_002_midday_60851_GOPR0914"
"152","LGP_002","GOPR0915","LR",NA,"setup","LR_LGP_002_setup__GOPR0915"
"153","LGP_002","GOPR0916","LR",60401,"tag","LR_LGP_002_tag_60401_GOPR0916"
"154","LGP_002","GOPR0917","LR",60401,"midday","LR_LGP_002_midday_60401_GOPR0917"
"155","LGP_002","GOPR0918","LR",60410,"tag","LR_LGP_002_tag_60410_GOPR0918"
"156","LGP_002","GOPR0919","LR",60410,"midday","LR_LGP_002_midday_60410_GOPR0919"
"157","LGP_002","GOPR0920","LR",60425,"tag","LR_LGP_002_tag_60425_GOPR0920"
"158","LGP_002","GOPR0921","LR",60425,"midday","LR_LGP_002_midday_60425_GOPR0921"
"159","LGP_002","GOPR0922","LR",60447,"tag","LR_LGP_002_tag_60447_GOPR0922"
"160","LGP_002","GOPR0923","LR",60447,"midday","LR_LGP_002_midday_60447_GOPR0923"
"161","LGP_002","GOPR0924","LR",60451,"tag","LR_LGP_002_tag_60451_GOPR0924"
"162","LGP_002","GOPR0925","LR",60451,"midday","LR_LGP_002_midday_60451_GOPR0925"
"163","LGP_002","GOPR0926","LR",NA,"setup","LR_LGP_002_setup__GOPR0926"
"164","LGP_001","GOPR2087","LR",NA,"setup","LR_LGP_001_setup__GOPR2087"
"165","LGP_001","GOPR2088","LR",NA,"setup","LR_LGP_001_setup__GOPR2088"
"166","LGP_001","GOPR2089","LR",60510,"tag","LR_LGP_001_tag_60510_GOPR2089"
"167","LGP_001","GOPR2090","LR",60510,"dawn","LR_LGP_001_dawn_60510_GOPR2090"
"168","LGP_001","GOPR2091","LR",60523,"tag","LR_LGP_001_tag_60523_GOPR2091"
"169","LGP_001","GOPR2092","LR",60523,"dawn","LR_LGP_001_dawn_60523_GOPR2092"
"170","LGP_001","GOPR2093","LR",60535,"tag","LR_LGP_001_tag_60535_GOPR2093"
"171","LGP_001","GOPR2094","LR",60535,"dawn","LR_LGP_001_dawn_60535_GOPR2094"
"172","LGP_001","GOPR2095","LR",60542,"tag","LR_LGP_001_tag_60542_GOPR2095"
"173","LGP_001","GOPR2096","LR",60542,"dawn","LR_LGP_001_dawn_60542_GOPR2096"
"174","LGP_001","GOPR2097","LR",60556,"tag","LR_LGP_001_tag_60556_GOPR2097"
"175","LGP_001","GOPR2098","LR",60556,"dawn","LR_LGP_001_dawn_60556_GOPR2098"
"176","LGP_001","GOPR2099","LR",60110,"tag","LR_LGP_001_tag_60110_GOPR2099"
"177","LGP_001","GOPR2100","LR",60110,"dawn","LR_LGP_001_dawn_60110_GOPR2100"
"178","LGP_001","GOPR2101","LR",60123,"tag","LR_LGP_001_tag_60123_GOPR2101"
"179","LGP_001","GOPR2102","LR",60123,"dawn","LR_LGP_001_dawn_60123_GOPR2102"
"180","LGP_001","GOPR2103","LR",60135,"tag","LR_LGP_001_tag_60135_GOPR2103"
"181","LGP_001","GOPR2104","LR",60135,"dawn","LR_LGP_001_dawn_60135_GOPR2104"
"182","LGP_001","GOPR2105","LR",60142,"tag","LR_LGP_001_tag_60142_GOPR2105"
"183","LGP_001","GOPR2106","LR",60142,"dawn","LR_LGP_001_dawn_60142_GOPR2106"
"184","LGP_001","GOPR2107","LR",60156,"tag","LR_LGP_001_tag_60156_GOPR2107"
"185","LGP_001","GOPR2108","LR",60156,"dawn","LR_LGP_001_dawn_60156_GOPR2108"
"186","LGP_001","GOPR2109","LR",60615,"tag","LR_LGP_001_tag_60615_GOPR2109"
"187","LGP_001","GOPR2110","LR",60615,"dawn","LR_LGP_001_dawn_60615_GOPR2110"
"188","LGP_001","GOPR2111","LR",60641,"tag","LR_LGP_001_tag_60641_GOPR2111"
"189","LGP_001","GOPR2112","LR",60641,"dawn","LR_LGP_001_dawn_60641_GOPR2112"
"190","LGP_001","GOPR2113","LR",60642,"tag","LR_LGP_001_tag_60642_GOPR2113"
"191","LGP_001","GOPR2114","LR",60642,"dawn","LR_LGP_001_dawn_60642_GOPR2114"
"192","LGP_001","GOPR2115","LR",60651,"tag","LR_LGP_001_tag_60651_GOPR2115"
"193","LGP_001","GOPR2116","LR",60651,"dawn","LR_LGP_001_dawn_60651_GOPR2116"
"194","LGP_001","GOPR2117","LR",60654,"tag","LR_LGP_001_tag_60654_GOPR2117"
"195","LGP_001","GOPR2118","LR",60654,"tag","LR_LGP_001_tag_60654_GOPR2118"
"196","LGP_001","GOPR2119","LR",60654,"dawn","LR_LGP_001_dawn_60654_GOPR2119"
"197","LGP_001","GOPR2120","LR",60215,"tag","LR_LGP_001_tag_60215_GOPR2120"
"198","LGP_001","GOPR2121","LR",NA,"setup","LR_LGP_001_setup__GOPR2121"
"199","LGP_001","GOPR2123","LR",60215,"dawn","LR_LGP_001_dawn_60215_GOPR2123"
"200","LGP_001","GOPR2124","LR",60241,"tag","LR_LGP_001_tag_60241_GOPR2124"
"201","LGP_001","GOPR2125","LR",60241,"dawn","LR_LGP_001_dawn_60241_GOPR2125"
"202","LGP_001","GOPR2126","LR",NA,"setup","LR_LGP_001_setup__GOPR2126"
"203","LGP_001","GOPR2127","LR",60242,"tag","LR_LGP_001_tag_60242_GOPR2127"
"204","LGP_001","GOPR2128","LR",60242,"dawn","LR_LGP_001_dawn_60242_GOPR2128"
"205","LGP_001","GOPR2129","LR",60251,"tag","LR_LGP_001_tag_60251_GOPR2129"
"206","LGP_001","GOPR2130","LR",60251,"tag","LR_LGP_001_tag_60251_GOPR2130"
"207","LGP_001","GOPR2131","LR",60251,"dawn","LR_LGP_001_dawn_60251_GOPR2131"
"208","LGP_001","GOPR2132","LR",60254,"tag","LR_LGP_001_tag_60254_GOPR2132"
"209","LGP_001","GOPR2133","LR",60254,"dawn","LR_LGP_001_dawn_60254_GOPR2133"
"210","LGP_001","GOPR2134","LR",60801,"tag","LR_LGP_001_tag_60801_GOPR2134"
"211","LGP_001","GOPR2135","LR",60801,"dawn","LR_LGP_001_dawn_60801_GOPR2135"
"212","LGP_001","GOPR2136","LR",60810,"tag","LR_LGP_001_tag_60810_GOPR2136"
"213","LGP_001","GOPR2137","LR",60810,"dawn","LR_LGP_001_dawn_60810_GOPR2137"
"214","LGP_001","GOPR2138","LR",60825,"tag","LR_LGP_001_tag_60825_GOPR2138"
"215","LGP_001","GOPR2139","LR",60825,"dawn","LR_LGP_001_dawn_60825_GOPR2139"
"216","LGP_001","GOPR2140","LR",60851,"tag","LR_LGP_001_tag_60851_GOPR2140"
"217","LGP_001","GOPR2141","LR",60851,"dawn","LR_LGP_001_dawn_60851_GOPR2141"
"218","LGP_001","GOPR2142","LR",60847,"tag","LR_LGP_001_tag_60847_GOPR2142"
"219","LGP_001","GOPR2143","LR",60847,"dawn","LR_LGP_001_dawn_60847_GOPR2143"
"220","LGP_001","GOPR2144","LR",60401,"tag","LR_LGP_001_tag_60401_GOPR2144"
"221","LGP_001","GOPR2145","LR",60401,"dawn","LR_LGP_001_dawn_60401_GOPR2145"
"222","LGP_001","GOPR2146","LR",60410,"tag","LR_LGP_001_tag_60410_GOPR2146"
"223","LGP_001","GOPR2147","LR",60410,"dawn","LR_LGP_001_dawn_60410_GOPR2147"
"224","LGP_001","GOPR2148","LR",60425,"tag","LR_LGP_001_tag_60425_GOPR2148"
"225","LGP_001","GOPR2149","LR",60425,"dawn","LR_LGP_001_dawn_60425_GOPR2149"
"226","LGP_001","GOPR2150","LR",60451,"tag","LR_LGP_001_tag_60451_GOPR2150"
"227","LGP_001","GOPR2151","LR",60451,"dawn","LR_LGP_001_dawn_60451_GOPR2151"
"228","LGP_001","GOPR2152","LR",60447,"tag","LR_LGP_001_tag_60447_GOPR2152"
"229","LGP_001","GOPR2153","LR",60447,"dawn","LR_LGP_001_dawn_60447_GOPR2153"
"230","LGP_002","GOPR0927","LR",NA,"setup","LR_LGP_002_setup__GOPR0927"
"231","LGP_002","GOPR0928","LR",NA,"setup","LR_LGP_002_setup__GOPR0928"
"232","LGP_002","GOPR0929","LR",60510,"tag","LR_LGP_002_tag_60510_GOPR0929"
"233","LGP_002","GOPR0930","LR",60510,"dawn","LR_LGP_002_dawn_60510_GOPR0930"
"234","LGP_002","GOPR0931","LR",60523,"tag","LR_LGP_002_tag_60523_GOPR0931"
"235","LGP_002","GOPR0932","LR",60523,"dawn","LR_LGP_002_dawn_60523_GOPR0932"
"236","LGP_002","GOPR0933","LR",60535,"tag","LR_LGP_002_tag_60535_GOPR0933"
"237","LGP_002","GOPR0934","LR",60535,"dawn","LR_LGP_002_dawn_60535_GOPR0934"
"238","LGP_002","GOPR0935","LR",60542,"tag","LR_LGP_002_tag_60542_GOPR0935"
"239","LGP_002","GOPR0936","LR",60542,"dawn","LR_LGP_002_dawn_60542_GOPR0936"
"240","LGP_002","GOPR0937","LR",60556,"tag","LR_LGP_002_tag_60556_GOPR0937"
"241","LGP_002","GOPR0938","LR",60556,"dawn","LR_LGP_002_dawn_60556_GOPR0938"
"242","LGP_002","GOPR0939","LR",60110,"tag","LR_LGP_002_tag_60110_GOPR0939"
"243","LGP_002","GOPR0940","LR",60110,"dawn","LR_LGP_002_dawn_60110_GOPR0940"
"244","LGP_002","GOPR0941","LR",60123,"tag","LR_LGP_002_tag_60123_GOPR0941"
"245","LGP_002","GOPR0942","LR",60123,"dawn","LR_LGP_002_dawn_60123_GOPR0942"
"246","LGP_002","GOPR0943","LR",60135,"tag","LR_LGP_002_tag_60135_GOPR0943"
"247","LGP_002","GOPR0944","LR",60135,"dawn","LR_LGP_002_dawn_60135_GOPR0944"
"248","LGP_002","GOPR0945","LR",60142,"tag","LR_LGP_002_tag_60142_GOPR0945"
"249","LGP_002","GOPR0946","LR",60142,"dawn","LR_LGP_002_dawn_60142_GOPR0946"
"250","LGP_002","GOPR0947","LR",60156,"tag","LR_LGP_002_tag_60156_GOPR0947"
"251","LGP_002","GOPR0948","LR",60156,"dawn","LR_LGP_002_dawn_60156_GOPR0948"
"252","LGP_002","GOPR0949","LR",60615,"tag","LR_LGP_002_tag_60615_GOPR0949"
"253","LGP_002","GOPR0950","LR",60615,"dawn","LR_LGP_002_dawn_60615_GOPR0950"
"254","LGP_002","GOPR0951","LR",NA,"setup","LR_LGP_002_setup__GOPR0951"
"255","LGP_002","GOPR0952","LR",NA,"setup","LR_LGP_002_setup__GOPR0952"
"256","LGP_002","GOPR0953","LR",NA,"setup","LR_LGP_002_setup__GOPR0953"
"257","LGP_002","GOPR0954","LR",60641,"tag","LR_LGP_002_tag_60641_GOPR0954"
"258","LGP_002","GOPR0955","LR",60641,"dawn","LR_LGP_002_dawn_60641_GOPR0955"
"259","LGP_002","GOPR0956","LR",60642,"tag","LR_LGP_002_tag_60642_GOPR0956"
"260","LGP_002","GOPR0957","LR",60642,"dawn","LR_LGP_002_dawn_60642_GOPR0957"
"261","LGP_002","GOPR0958","LR",60651,"tag","LR_LGP_002_tag_60651_GOPR0958"
"262","LGP_002","GOPR0959","LR",60651,"dawn","LR_LGP_002_dawn_60651_GOPR0959"
"263","LGP_002","GOPR0960","LR",60654,"tag","LR_LGP_002_tag_60654_GOPR0960"
"264","LGP_002","GOPR0961","LR",60654,"tag","LR_LGP_002_tag_60654_GOPR0961"
"265","LGP_002","GOPR0962","LR",60654,"dawn","LR_LGP_002_dawn_60654_GOPR0962"
"266","LGP_002","GOPR0963","LR",60215,"tag","LR_LGP_002_tag_60215_GOPR0963"
"267","LGP_002","GOPR0964","LR",60215,"dawn","LR_LGP_002_dawn_60215_GOPR0964"
"268","LGP_002","GOPR0965","LR",60215,"dawn","LR_LGP_002_dawn_60215_GOPR0965"
"269","LGP_002","GOPR0966","LR",60215,"dawn","LR_LGP_002_dawn_60215_GOPR0966"
"270","LGP_002","GOPR0967","LR",60241,"tag","LR_LGP_002_tag_60241_GOPR0967"
"271","LGP_002","GOPR0968","LR",60241,"dawn","LR_LGP_002_dawn_60241_GOPR0968"
"272","LGP_002","GOPR0969","LR",NA,"setup","LR_LGP_002_setup__GOPR0969"
"273","LGP_002","GOPR0970","LR",60242,"tag","LR_LGP_002_tag_60242_GOPR0970"
"274","LGP_002","GOPR0971","LR",60242,"dawn","LR_LGP_002_dawn_60242_GOPR0971"
"275","LGP_002","GOPR0972","LR",60251,"tag","LR_LGP_002_tag_60251_GOPR0972"
"276","LGP_002","GOPR0973","LR",60251,"dawn","LR_LGP_002_dawn_60251_GOPR0973"
"277","LGP_002","GOPR0974","LR",NA,"setup","LR_LGP_002_setup__GOPR0974"
"278","LGP_002","GOPR0975","LR",60254,"tag","LR_LGP_002_tag_60254_GOPR0975"
"279","LGP_002","GOPR0976","LR",60254,"dawn","LR_LGP_002_dawn_60254_GOPR0976"
"280","LGP_002","GOPR0977","LR",NA,"setup","LR_LGP_002_setup__GOPR0977"
"281","LGP_002","GOPR0978","LR",60801,"tag","LR_LGP_002_tag_60801_GOPR0978"
"282","LGP_002","GOPR0979","LR",60801,"dawn","LR_LGP_002_dawn_60801_GOPR0979"
"283","LGP_002","GOPR0980","LR",60810,"tag","LR_LGP_002_tag_60810_GOPR0980"
"284","LGP_002","GOPR0981","LR",60810,"dawn","LR_LGP_002_dawn_60810_GOPR0981"
"285","LGP_002","GOPR0982","LR",60825,"tag","LR_LGP_002_tag_60825_GOPR0982"
"286","LGP_002","GOPR0983","LR",60825,"dawn","LR_LGP_002_dawn_60825_GOPR0983"
"287","LGP_002","GOPR0984","LR",60851,"tag","LR_LGP_002_tag_60851_GOPR0984"
"288","LGP_002","GOPR0985","LR",60851,"dawn","LR_LGP_002_dawn_60851_GOPR0985"
"289","LGP_002","GOPR0986","LR",60847,"tag","LR_LGP_002_tag_60847_GOPR0986"
"290","LGP_002","GOPR0987","LR",60847,"dawn","LR_LGP_002_dawn_60847_GOPR0987"
"291","LGP_002","GOPR0988","LR",60401,"tag","LR_LGP_002_tag_60401_GOPR0988"
"292","LGP_002","GOPR0989","LR",60401,"dawn","LR_LGP_002_dawn_60401_GOPR0989"
"293","LGP_002","GOPR0990","LR",60410,"tag","LR_LGP_002_tag_60410_GOPR0990"
"294","LGP_002","GOPR0991","LR",60410,"dawn","LR_LGP_002_dawn_60410_GOPR0991"
"295","LGP_002","GOPR0992","LR",NA,"setup","LR_LGP_002_setup__GOPR0992"
"296","LGP_002","GOPR0993","LR",60425,"tag","LR_LGP_002_tag_60425_GOPR0993"
"297","LGP_002","GOPR0994","LR",60425,"dawn","LR_LGP_002_dawn_60425_GOPR0994"
"298","LGP_002","GOPR0995","LR",60451,"tag","LR_LGP_002_tag_60451_GOPR0995"
"299","LGP_002","GOPR0996","LR",60451,"dawn","LR_LGP_002_dawn_60451_GOPR0996"
"300","LGP_002","GOPR0997","LR",60447,"tag","LR_LGP_002_tag_60447_GOPR0997"
"301","LGP_002","GOPR0998","LR",60447,"dawn","LR_LGP_002_dawn_60447_GOPR0998"
